MANUFACTURER,MONTH,YTD_UNITS_SOLD
Alfa Romeo,2023-02-01,6694
Alfa Romeo,2023-03-01,17581
Alfa Romeo,2023-04-01,28468
Alfa Romeo,2023-05-01,37648
Alfa Romeo,2023-06-01,48313
Alfa Romeo,2023-07-01,57577
Alfa Romeo,2023-08-01,66841
Alfa Romeo,2023-09-01,76011
Alfa Romeo,2023-10-01,85527
Alfa Romeo,2023-11-01,95176
Alfa Romeo,2023-12-01,101875
Alfa Romeo,2024-01-01,7746
Alfa Romeo,2024-02-01,14797
Alfa Romeo,2024-03-01,24611
Alfa Romeo,2024-04-01,33644
Alfa Romeo,2024-05-01,41446
Alfa Romeo,2024-06-01,49035
Alfa Romeo,2024-07-01,55086
Alfa Romeo,2024-08-01,59909
Alfa Romeo,2024-09-01,66022
Alfa Romeo,2024-10-01,72756
Alfa Romeo,2024-11-01,81137
Alfa Romeo,2024-12-01,89096
Alfa Romeo,2025-01-01,9448
Alfa Romeo,2025-02-01,19294
Alfa Romeo,2025-03-01,33193
Alfa Romeo,2025-04-01,45757
Alfa Romeo,2025-05-01,56444
Alfa Romeo,2025-06-01,66352
Alfa Romeo,2025-07-01,74737
Alfa Romeo,2025-08-01,81868
Alfa Romeo,2025-09-01,91045
Alfa Romeo,2025-10-01,100581
Alfa Romeo,2025-11-01,108363
Alfa Romeo,2025-12-01,116704
Alpine,2023-02-01,204
Alpine,2023-03-01,545
Alpine,2023-04-01,886
Alpine,2023-05-01,1726
Alpine,2023-06-01,2834
Alpine,2023-07-01,3829
Alpine,2023-08-01,4824
Alpine,2023-09-01,5613
Alpine,2023-10-01,6470
Alpine,2023-11-01,7384
Alpine,2023-12-01,8769
Alpine,2024-01-01,375
Alpine,2024-02-01,953
Alpine,2024-03-01,1772
Alpine,2024-04-01,2522
Alpine,2024-05-01,3208
Alpine,2024-06-01,4842
Alpine,2024-07-01,5192
Alpine,2024-08-01,5507
Alpine,2024-09-01,5865
Alpine,2024-10-01,6416
Alpine,2024-11-01,6956
Alpine,2024-12-01,8124
Alpine,2025-01-01,910
Alpine,2025-02-01,2376
Alpine,2025-03-01,3901
Alpine,2025-04-01,5601
Alpine,2025-05-01,7174
Alpine,2025-06-01,9363
Alpine,2025-07-01,10593
Alpine,2025-08-01,11715
Alpine,2025-09-01,12977
Alpine,2025-10-01,14570
Alpine,2025-11-01,16180
Alpine,2025-12-01,18817
Audi,2023-02-01,92460
Audi,2023-03-01,234121
Audi,2023-04-01,375782
Audi,2023-05-01,493002
Audi,2023-06-01,622829
Audi,2023-07-01,742725
Audi,2023-08-01,862621
Audi,2023-09-01,978691
Audi,2023-10-01,1099282
Audi,2023-11-01,1220009
Audi,2023-12-01,1320699
Audi,2024-01-01,96525
Audi,2024-02-01,181906
Audi,2024-03-01,291630
Audi,2024-04-01,392550
Audi,2024-05-01,498167
Audi,2024-06-01,614896
Audi,2024-07-01,721885
Audi,2024-08-01,815335
Audi,2024-09-01,913965
Audi,2024-10-01,1011829
Audi,2024-11-01,1107397
Audi,2024-12-01,1196955
Audi,2025-01-01,90539
Audi,2025-02-01,178198
Audi,2025-03-01,290670
Audi,2025-04-01,390509
Audi,2025-05-01,489427
Audi,2025-06-01,594007
Audi,2025-07-01,689595
Audi,2025-08-01,777290
Audi,2025-09-01,871786
Audi,2025-10-01,976038
Audi,2025-11-01,1081467
Audi,2025-12-01,1198263
BMW,2023-02-01,85273
BMW,2023-03-01,217266
BMW,2023-04-01,349259
BMW,2023-05-01,478058
BMW,2023-06-01,596499
BMW,2023-07-01,709130
BMW,2023-08-01,821761
BMW,2023-09-01,935288
BMW,2023-10-01,1049481
BMW,2023-11-01,1171263
BMW,2023-12-01,1303315
BMW,2024-01-01,109138
BMW,2024-02-01,211302
BMW,2024-03-01,350084
BMW,2024-04-01,473944
BMW,2024-05-01,591004
BMW,2024-06-01,716784
BMW,2024-07-01,832250
BMW,2024-08-01,936713
BMW,2024-09-01,1050479
BMW,2024-10-01,1167801
BMW,2024-11-01,1290346
BMW,2024-12-01,1414061
BMW,2025-01-01,107891
BMW,2025-02-01,212220
BMW,2025-03-01,349145
BMW,2025-04-01,473470
BMW,2025-05-01,595864
BMW,2025-06-01,730263
BMW,2025-07-01,855636
BMW,2025-08-01,966480
BMW,2025-09-01,1083095
BMW,2025-10-01,1204703
BMW,2025-11-01,1327413
BMW,2025-12-01,1455513
BMW Group,2023-02-01,107235
BMW Group,2023-03-01,277682
BMW Group,2023-04-01,448129
BMW Group,2023-05-01,603977
BMW Group,2023-06-01,752784
BMW Group,2023-07-01,894511
BMW Group,2023-08-01,1036238
BMW Group,2023-09-01,1177216
BMW Group,2023-10-01,1319193
BMW Group,2023-11-01,1470427
BMW Group,2023-12-01,1633245
BMW Group,2024-01-01,128154
BMW Group,2024-02-01,249268
BMW Group,2024-03-01,414422
BMW Group,2024-04-01,557340
BMW Group,2024-05-01,690130
BMW Group,2024-06-01,835195
BMW Group,2024-07-01,969236
BMW Group,2024-08-01,1090895
BMW Group,2024-09-01,1227097
BMW Group,2024-10-01,1365162
BMW Group,2024-11-01,1508883
BMW Group,2024-12-01,1658161
BMW Group,2025-01-01,125476
BMW Group,2025-02-01,253474
BMW Group,2025-03-01,415879
BMW Group,2025-04-01,562381
BMW Group,2025-05-01,706236
BMW Group,2025-06-01,865322
BMW Group,2025-07-01,1016558
BMW Group,2025-08-01,1150917
BMW Group,2025-09-01,1294067
BMW Group,2025-10-01,1442382
BMW Group,2025-11-01,1590027
BMW Group,2025-12-01,1745417
BYD,2024-07-01,7316
BYD,2024-08-01,14497
BYD,2024-09-01,22201
BYD,2024-10-01,32421
BYD,2024-11-01,43810
BYD,2024-12-01,58946
BYD,2025-01-01,15136
BYD,2025-02-01,30272
BYD,2025-03-01,45408
BYD,2025-04-01,60544
BYD,2025-05-01,75680
BYD,2025-06-01,90816
BYD,2025-07-01,114017
BYD,2025-08-01,136650
BYD,2025-09-01,163374
BYD,2025-10-01,194194
BYD,2025-11-01,231485
BYD,2025-12-01,277171
Citroen,2023-02-01,55782
Citroen,2023-03-01,143784
Citroen,2023-04-01,231786
Citroen,2023-05-01,289631
Citroen,2023-06-01,357926
Citroen,2023-07-01,417033
Citroen,2023-08-01,476140
Citroen,2023-09-01,544095
Citroen,2023-10-01,609680
Citroen,2023-11-01,669693
Citroen,2023-12-01,710647
Citroen,2024-01-01,62666
Citroen,2024-02-01,133591
Citroen,2024-03-01,219421
Citroen,2024-04-01,292681
Citroen,2024-05-01,355343
Citroen,2024-06-01,439300
Citroen,2024-07-01,489712
Citroen,2024-08-01,529819
Citroen,2024-09-01,573965
Citroen,2024-10-01,616578
Citroen,2024-11-01,664276
Citroen,2024-12-01,709050
Citroen,2025-01-01,52878
Citroen,2025-02-01,113861
Citroen,2025-03-01,180164
Citroen,2025-04-01,242995
Citroen,2025-05-01,304502
Citroen,2025-06-01,370366
Citroen,2025-07-01,421610
Citroen,2025-08-01,467450
Citroen,2025-09-01,519468
Citroen,2025-10-01,577394
Citroen,2025-11-01,631889
Citroen,2025-12-01,684399
Cupra,2023-02-01,19864
Cupra,2023-03-01,55997
Cupra,2023-04-01,92130
Cupra,2023-05-01,125104
Cupra,2023-06-01,161261
Cupra,2023-07-01,196754
Cupra,2023-08-01,232247
Cupra,2023-09-01,266294
Cupra,2023-10-01,300271
Cupra,2023-11-01,333475
Cupra,2023-12-01,368433
Cupra,2024-01-01,24580
Cupra,2024-02-01,53761
Cupra,2024-03-01,90066
Cupra,2024-04-01,123686
Cupra,2024-05-01,161285
Cupra,2024-06-01,210290
Cupra,2024-07-01,240382
Cupra,2024-08-01,267583
Cupra,2024-09-01,296299
Cupra,2024-10-01,332729
Cupra,2024-11-01,369317
Cupra,2024-12-01,407857
Cupra,2025-01-01,39054
Cupra,2025-02-01,77749
Cupra,2025-03-01,134533
Cupra,2025-04-01,185208
Cupra,2025-05-01,233818
Cupra,2025-06-01,282499
Cupra,2025-07-01,326795
Cupra,2025-08-01,367957
Cupra,2025-09-01,410952
Cupra,2025-10-01,456279
Cupra,2025-11-01,502519
Cupra,2025-12-01,548165
DS,2023-02-01,7954
DS,2023-03-01,18858
DS,2023-04-01,29762
DS,2023-05-01,39486
DS,2023-06-01,49707
DS,2023-07-01,58592
DS,2023-08-01,67477
DS,2023-09-01,76526
DS,2023-10-01,84814
DS,2023-11-01,92807
DS,2023-12-01,98243
DS,2024-01-01,7295
DS,2024-02-01,14268
DS,2024-03-01,22617
DS,2024-04-01,29936
DS,2024-05-01,35615
DS,2024-06-01,43069
DS,2024-07-01,48597
DS,2024-08-01,53285
DS,2024-09-01,58722
DS,2024-10-01,64388
DS,2024-11-01,69898
DS,2024-12-01,75332
DS,2025-01-01,4256
DS,2025-02-01,9951
DS,2025-03-01,16081
DS,2025-04-01,21817
DS,2025-05-01,27115
DS,2025-06-01,33479
DS,2025-07-01,37942
DS,2025-08-01,41588
DS,2025-09-01,46063
DS,2025-10-01,50316
DS,2025-11-01,53851
DS,2025-12-01,57928
Dacia,2023-02-01,87114
Dacia,2023-03-01,190270
Dacia,2023-04-01,293426
Dacia,2023-05-01,386069
Dacia,2023-06-01,493811
Dacia,2023-07-01,590103
Dacia,2023-08-01,686395
Dacia,2023-09-01,780713
Dacia,2023-10-01,880011
Dacia,2023-11-01,979808
Dacia,2023-12-01,1066042
Dacia,2024-01-01,100737
Dacia,2024-02-01,192271
Dacia,2024-03-01,292473
Dacia,2024-04-01,389840
Dacia,2024-05-01,473615
Dacia,2024-06-01,590702
Dacia,2024-07-01,682968
Dacia,2024-08-01,762477
Dacia,2024-09-01,845820
Dacia,2024-10-01,933906
Dacia,2024-11-01,1028624
Dacia,2024-12-01,1139102
Dacia,2025-01-01,95148
Dacia,2025-02-01,188636
Dacia,2025-03-01,295533
Dacia,2025-04-01,392460
Dacia,2025-05-01,485682
Dacia,2025-06-01,600771
Dacia,2025-07-01,705812
Dacia,2025-08-01,794560
Dacia,2025-09-01,894267
Dacia,2025-10-01,990258
Dacia,2025-11-01,1083419
Dacia,2025-12-01,1179661
Fiat,2023-02-01,60135
Fiat,2023-03-01,138397
Fiat,2023-04-01,216659
Fiat,2023-05-01,278732
Fiat,2023-06-01,347243
Fiat,2023-07-01,412750
Fiat,2023-08-01,478257
Fiat,2023-09-01,544822
Fiat,2023-10-01,612621
Fiat,2023-11-01,675122
Fiat,2023-12-01,725052
Fiat,2024-01-01,57857
Fiat,2024-02-01,124666
Fiat,2024-03-01,195838
Fiat,2024-04-01,259130
Fiat,2024-05-01,313871
Fiat,2024-06-01,389009
Fiat,2024-07-01,435569
Fiat,2024-08-01,472106
Fiat,2024-09-01,513234
Fiat,2024-10-01,549599
Fiat,2024-11-01,582728
Fiat,2024-12-01,608906
Fiat,2025-01-01,45687
Fiat,2025-02-01,90926
Fiat,2025-03-01,150901
Fiat,2025-04-01,204094
Fiat,2025-05-01,251908
Fiat,2025-06-01,298441
Fiat,2025-07-01,342493
Fiat,2025-08-01,379158
Fiat,2025-09-01,422916
Fiat,2025-10-01,465978
Fiat,2025-11-01,505422
Fiat,2025-12-01,542438
Ford,2023-02-01,70680
Ford,2023-03-01,171950
Ford,2023-04-01,273220
Ford,2023-05-01,351025
Ford,2023-06-01,436915
Ford,2023-07-01,517086
Ford,2023-08-01,597257
Ford,2023-09-01,676930
Ford,2023-10-01,756052
Ford,2023-11-01,833560
Ford,2023-12-01,893893
Ford,2024-01-01,61509
Ford,2024-02-01,120660
Ford,2024-03-01,199365
Ford,2024-04-01,265948
Ford,2024-05-01,328117
Ford,2024-06-01,395614
Ford,2024-07-01,451614
Ford,2024-08-01,504284
Ford,2024-09-01,562292
Ford,2024-10-01,624121
Ford,2024-11-01,681452
Ford,2024-12-01,734155
Ford,2025-01-01,56133
Ford,2025-02-01,113327
Ford,2025-03-01,194246
Ford,2025-04-01,257871
Ford,2025-05-01,319588
Ford,2025-06-01,387354
Ford,2025-07-01,449561
Ford,2025-08-01,505232
Ford,2025-09-01,565227
Ford,2025-10-01,622484
Ford,2025-11-01,678934
Ford,2025-12-01,733873
Honda,2023-02-01,5453
Honda,2023-03-01,16034
Honda,2023-04-01,26615
Honda,2023-05-01,32387
Honda,2023-06-01,39554
Honda,2023-07-01,47135
Honda,2023-08-01,54716
Honda,2023-09-01,63478
Honda,2023-10-01,72077
Honda,2023-11-01,80361
Honda,2023-12-01,87723
Honda,2024-01-01,11654
Honda,2024-02-01,20383
Honda,2024-03-01,37358
Honda,2024-04-01,47467
Honda,2024-05-01,55714
Honda,2024-06-01,65317
Honda,2024-07-01,74782
Honda,2024-08-01,83548
Honda,2024-09-01,92804
Honda,2024-10-01,101615
Honda,2024-11-01,108856
Honda,2024-12-01,116559
Honda,2025-01-01,9837
Honda,2025-02-01,18859
Honda,2025-03-01,34185
Honda,2025-04-01,43971
Honda,2025-05-01,52655
Honda,2025-06-01,62173
Honda,2025-07-01,72119
Honda,2025-08-01,80985
Honda,2025-09-01,91101
Honda,2025-10-01,100180
Honda,2025-11-01,109309
Honda,2025-12-01,117754
Hyundai,2023-02-01,70744
Hyundai,2023-03-01,168243
Hyundai,2023-04-01,265742
Hyundai,2023-05-01,347880
Hyundai,2023-06-01,441872
Hyundai,2023-07-01,533625
Hyundai,2023-08-01,625378
Hyundai,2023-09-01,709034
Hyundai,2023-10-01,796706
Hyundai,2023-11-01,885993
Hyundai,2023-12-01,964914
Hyundai,2024-01-01,76601
Hyundai,2024-02-01,152009
Hyundai,2024-03-01,243469
Hyundai,2024-04-01,328464
Hyundai,2024-05-01,413103
Hyundai,2024-06-01,508916
Hyundai,2024-07-01,594737
Hyundai,2024-08-01,669967
Hyundai,2024-09-01,747660
Hyundai,2024-10-01,822606
Hyundai,2024-11-01,893370
Hyundai,2024-12-01,975670
Hyundai,2025-01-01,75762
Hyundai,2025-02-01,144926
Hyundai,2025-03-01,229291
Hyundai,2025-04-01,308755
Hyundai,2025-05-01,390746
Hyundai,2025-06-01,474541
Hyundai,2025-07-01,564361
Hyundai,2025-08-01,645586
Hyundai,2025-09-01,726936
Hyundai,2025-10-01,801928
Hyundai,2025-11-01,875809
Hyundai,2025-12-01,970126
Hyundai Group,2023-02-01,145087
Hyundai Group,2023-03-01,347767
Hyundai Group,2023-04-01,550447
Hyundai Group,2023-05-01,725673
Hyundai Group,2023-06-01,918017
Hyundai Group,2023-07-01,1103104
Hyundai Group,2023-08-01,1288191
Hyundai Group,2023-09-01,1465590
Hyundai Group,2023-10-01,1646642
Hyundai Group,2023-11-01,1826194
Hyundai Group,2023-12-01,1969305
Hyundai Group,2024-01-01,155256
Hyundai Group,2024-02-01,303825
Hyundai Group,2024-03-01,494650
Hyundai Group,2024-04-01,664418
Hyundai Group,2024-05-01,830027
Hyundai Group,2024-06-01,1012460
Hyundai Group,2024-07-01,1181188
Hyundai Group,2024-08-01,1331387
Hyundai Group,2024-09-01,1487905
Hyundai Group,2024-10-01,1636166
Hyundai Group,2024-11-01,1779120
Hyundai Group,2024-12-01,1925459
Hyundai Group,2025-01-01,147713
Hyundai Group,2025-02-01,283906
Hyundai Group,2025-03-01,468285
Hyundai Group,2025-04-01,631840
Hyundai Group,2025-05-01,791709
Hyundai Group,2025-06-01,955825
Hyundai Group,2025-07-01,1121130
Hyundai Group,2025-08-01,1271512
Hyundai Group,2025-09-01,1426080
Hyundai Group,2025-10-01,1573209
Hyundai Group,2025-11-01,1715876
Hyundai Group,2025-12-01,1869735
Jaguar,2023-02-01,1863
Jaguar,2023-03-01,6421
Jaguar,2023-04-01,10979
Jaguar,2023-05-01,14050
Jaguar,2023-06-01,17801
Jaguar,2023-07-01,21278
Jaguar,2023-08-01,24755
Jaguar,2023-09-01,28415
Jaguar,2023-10-01,31863
Jaguar,2023-11-01,35213
Jaguar,2023-12-01,37610
Jaguar,2024-01-01,2368
Jaguar,2024-02-01,4230
Jaguar,2024-03-01,10536
Jaguar,2024-04-01,13293
Jaguar,2024-05-01,15687
Jaguar,2024-06-01,18109
Jaguar,2024-07-01,19945
Jaguar,2024-08-01,21671
Jaguar,2024-09-01,23457
Jaguar,2024-10-01,25416
Jaguar,2024-11-01,27125
Jaguar,2024-12-01,28288
Jaguar,2025-01-01,1147
Jaguar,2025-02-01,1918
Jaguar,2025-03-01,3383
Jaguar,2025-04-01,3769
Jaguar,2025-05-01,3922
Jaguar,2025-06-01,3967
Jaguar,2025-07-01,3975
Jaguar,2025-08-01,3982
Jaguar,2025-09-01,3989
Jaguar,2025-10-01,3989
Jaguar,2025-11-01,3989
Jaguar,2025-12-01,3991
Jaguar Land Rover Group,2023-02-01,11954
Jaguar Land Rover Group,2023-03-01,40781
Jaguar Land Rover Group,2023-04-01,69608
Jaguar Land Rover Group,2023-05-01,85585
Jaguar Land Rover Group,2023-06-01,105922
Jaguar Land Rover Group,2023-07-01,125728
Jaguar Land Rover Group,2023-08-01,145534
Jaguar Land Rover Group,2023-09-01,165559
Jaguar Land Rover Group,2023-10-01,184722
Jaguar Land Rover Group,2023-11-01,204255
Jaguar Land Rover Group,2023-12-01,221073
Jaguar Land Rover Group,2024-01-01,17664
Jaguar Land Rover Group,2024-02-01,30933
Jaguar Land Rover Group,2024-03-01,61715
Jaguar Land Rover Group,2024-04-01,80110
Jaguar Land Rover Group,2024-05-01,98739
Jaguar Land Rover Group,2024-06-01,118498
Jaguar Land Rover Group,2024-07-01,135821
Jaguar Land Rover Group,2024-08-01,152056
Jaguar Land Rover Group,2024-09-01,168596
Jaguar Land Rover Group,2024-10-01,182095
Jaguar Land Rover Group,2024-11-01,199668
Jaguar Land Rover Group,2024-12-01,215966
Jaguar Land Rover Group,2025-01-01,15772
Jaguar Land Rover Group,2025-02-01,28563
Jaguar Land Rover Group,2025-03-01,57071
Jaguar Land Rover Group,2025-04-01,72849
Jaguar Land Rover Group,2025-05-01,87158
Jaguar Land Rover Group,2025-06-01,102672
Jaguar Land Rover Group,2025-07-01,117231
Jaguar Land Rover Group,2025-08-01,131195
Jaguar Land Rover Group,2025-09-01,144433
Jaguar Land Rover Group,2025-10-01,155746
Jaguar Land Rover Group,2025-11-01,167896
Jaguar Land Rover Group,2025-12-01,181473
Jeep,2023-02-01,18929
Jeep,2023-03-01,43226
Jeep,2023-04-01,67523
Jeep,2023-05-01,89545
Jeep,2023-06-01,112833
Jeep,2023-07-01,134909
Jeep,2023-08-01,156985
Jeep,2023-09-01,180031
Jeep,2023-10-01,203588
Jeep,2023-11-01,225767
Jeep,2023-12-01,243781
Jeep,2024-01-01,23602
Jeep,2024-02-01,45598
Jeep,2024-03-01,71042
Jeep,2024-04-01,93161
Jeep,2024-05-01,115552
Jeep,2024-06-01,139216
Jeep,2024-07-01,159230
Jeep,2024-08-01,176373
Jeep,2024-09-01,196186
Jeep,2024-10-01,218110
Jeep,2024-11-01,238060
Jeep,2024-12-01,255171
Jeep,2025-01-01,20919
Jeep,2025-02-01,43030
Jeep,2025-03-01,71353
Jeep,2025-04-01,96157
Jeep,2025-05-01,118574
Jeep,2025-06-01,139335
Jeep,2025-07-01,159185
Jeep,2025-08-01,176165
Jeep,2025-09-01,196002
Jeep,2025-10-01,214091
Jeep,2025-11-01,230357
Jeep,2025-12-01,245105
Kia,2023-02-01,74343
Kia,2023-03-01,179524
Kia,2023-04-01,284705
Kia,2023-05-01,377793
Kia,2023-06-01,476145
Kia,2023-07-01,569479
Kia,2023-08-01,662813
Kia,2023-09-01,756556
Kia,2023-10-01,849936
Kia,2023-11-01,940201
Kia,2023-12-01,1004391
Kia,2024-01-01,78655
Kia,2024-02-01,151816
Kia,2024-03-01,251181
Kia,2024-04-01,335954
Kia,2024-05-01,416924
Kia,2024-06-01,503544
Kia,2024-07-01,586451
Kia,2024-08-01,661420
Kia,2024-09-01,740245
Kia,2024-10-01,813560
Kia,2024-11-01,885750
Kia,2024-12-01,949789
Kia,2025-01-01,71951
Kia,2025-02-01,138980
Kia,2025-03-01,238994
Kia,2025-04-01,323085
Kia,2025-05-01,400963
Kia,2025-06-01,481284
Kia,2025-07-01,556769
Kia,2025-08-01,625926
Kia,2025-09-01,699144
Kia,2025-10-01,771281
Kia,2025-11-01,840067
Kia,2025-12-01,899609
Lancia/Chrysler,2023-02-01,4931
Lancia/Chrysler,2023-03-01,15094
Lancia/Chrysler,2023-04-01,25257
Lancia/Chrysler,2023-05-01,34681
Lancia/Chrysler,2023-06-01,43717
Lancia/Chrysler,2023-07-01,51600
Lancia/Chrysler,2023-08-01,59483
Lancia/Chrysler,2023-09-01,67803
Lancia/Chrysler,2023-10-01,76560
Lancia/Chrysler,2023-11-01,85091
Lancia/Chrysler,2023-12-01,91128
Lancia/Chrysler,2024-01-01,7852
Lancia/Chrysler,2024-02-01,16196
Lancia/Chrysler,2024-03-01,25976
Lancia/Chrysler,2024-04-01,34686
Lancia/Chrysler,2024-05-01,42387
Lancia/Chrysler,2024-06-01,50745
Lancia/Chrysler,2024-07-01,56431
Lancia/Chrysler,2024-08-01,60654
Lancia/Chrysler,2024-09-01,64578
Lancia/Chrysler,2024-10-01,66337
Lancia/Chrysler,2024-11-01,68135
Lancia/Chrysler,2024-12-01,69580
Lancia/Chrysler,2025-01-01,2104
Lancia/Chrysler,2025-02-01,4414
Lancia/Chrysler,2025-03-01,7045
Lancia/Chrysler,2025-04-01,9694
Lancia/Chrysler,2025-05-01,11794
Lancia/Chrysler,2025-06-01,13544
Lancia/Chrysler,2025-07-01,15354
Lancia/Chrysler,2025-08-01,16766
Lancia/Chrysler,2025-09-01,18504
Lancia/Chrysler,2025-10-01,20716
Lancia/Chrysler,2025-11-01,22886
Lancia/Chrysler,2025-12-01,24526
Land Rover,2023-02-01,10091
Land Rover,2023-03-01,34360
Land Rover,2023-04-01,58629
Land Rover,2023-05-01,71535
Land Rover,2023-06-01,88121
Land Rover,2023-07-01,104450
Land Rover,2023-08-01,120779
Land Rover,2023-09-01,137144
Land Rover,2023-10-01,152859
Land Rover,2023-11-01,169042
Land Rover,2023-12-01,183463
Land Rover,2024-01-01,15296
Land Rover,2024-02-01,26703
Land Rover,2024-03-01,51179
Land Rover,2024-04-01,66817
Land Rover,2024-05-01,83052
Land Rover,2024-06-01,100389
Land Rover,2024-07-01,115876
Land Rover,2024-08-01,130385
Land Rover,2024-09-01,145139
Land Rover,2024-10-01,156679
Land Rover,2024-11-01,172543
Land Rover,2024-12-01,187678
Land Rover,2025-01-01,14625
Land Rover,2025-02-01,26645
Land Rover,2025-03-01,53688
Land Rover,2025-04-01,69080
Land Rover,2025-05-01,83236
Land Rover,2025-06-01,98705
Land Rover,2025-07-01,113256
Land Rover,2025-08-01,127213
Land Rover,2025-09-01,140444
Land Rover,2025-10-01,151757
Land Rover,2025-11-01,163907
Land Rover,2025-12-01,177482
Lexus,2023-02-01,5594
Lexus,2023-03-01,13048
Lexus,2023-04-01,20502
Lexus,2023-05-01,30268
Lexus,2023-06-01,41191
Lexus,2023-07-01,51026
Lexus,2023-08-01,60861
Lexus,2023-09-01,71053
Lexus,2023-10-01,81127
Lexus,2023-11-01,91307
Lexus,2023-12-01,101056
Lexus,2024-01-01,9589
Lexus,2024-02-01,18662
Lexus,2024-03-01,32581
Lexus,2024-04-01,45416
Lexus,2024-05-01,57457
Lexus,2024-06-01,71498
Lexus,2024-07-01,83756
Lexus,2024-08-01,94569
Lexus,2024-09-01,105911
Lexus,2024-10-01,118282
Lexus,2024-11-01,129559
Lexus,2024-12-01,143833
Lexus,2025-01-01,13698
Lexus,2025-02-01,24433
Lexus,2025-03-01,40179
Lexus,2025-04-01,54058
Lexus,2025-05-01,66904
Lexus,2025-06-01,80684
Lexus,2025-07-01,92547
Lexus,2025-08-01,102514
Lexus,2025-09-01,113520
Lexus,2025-10-01,124263
Lexus,2025-11-01,134185
Lexus,2025-12-01,144957
Mazda,2023-02-01,23465
Mazda,2023-03-01,65034
Mazda,2023-04-01,106603
Mazda,2023-05-01,130842
Mazda,2023-06-01,162057
Mazda,2023-07-01,190040
Mazda,2023-08-01,218023
Mazda,2023-09-01,249229
Mazda,2023-10-01,278504
Mazda,2023-11-01,308020
Mazda,2023-12-01,334964
Mazda,2024-01-01,22916
Mazda,2024-02-01,46255
Mazda,2024-03-01,81545
Mazda,2024-04-01,110374
Mazda,2024-05-01,138081
Mazda,2024-06-01,172551
Mazda,2024-07-01,193955
Mazda,2024-08-01,214084
Mazda,2024-09-01,236446
Mazda,2024-10-01,259260
Mazda,2024-11-01,282081
Mazda,2024-12-01,310384
Mazda,2025-01-01,18991
Mazda,2025-02-01,40219
Mazda,2025-03-01,75402
Mazda,2025-04-01,99657
Mazda,2025-05-01,118967
Mazda,2025-06-01,146500
Mazda,2025-07-01,164488
Mazda,2025-08-01,181335
Mazda,2025-09-01,201621
Mazda,2025-10-01,222620
Mazda,2025-11-01,247242
Mazda,2025-12-01,274721
Mercedes,2023-02-01,93255
Mercedes,2023-03-01,228266
Mercedes,2023-04-01,363277
Mercedes,2023-05-01,461695
Mercedes,2023-06-01,573195
Mercedes,2023-07-01,675582
Mercedes,2023-08-01,777969
Mercedes,2023-09-01,890122
Mercedes,2023-10-01,997085
Mercedes,2023-11-01,1108050
Mercedes,2023-12-01,1232078
Mercedes,2024-01-01,76061
Mercedes,2024-02-01,165073
Mercedes,2024-03-01,301977
Mercedes,2024-04-01,411360
Mercedes,2024-05-01,508302
Mercedes,2024-06-01,620441
Mercedes,2024-07-01,726342
Mercedes,2024-08-01,832243
Mercedes,2024-09-01,942722
Mercedes,2024-10-01,1052037
Mercedes,2024-11-01,1165642
Mercedes,2024-12-01,1287944
Mercedes,2025-01-01,77146
Mercedes,2025-02-01,163386
Mercedes,2025-03-01,292577
Mercedes,2025-04-01,400265
Mercedes,2025-05-01,500429
Mercedes,2025-06-01,617959
Mercedes-Benz,2023-02-01,96139
Mercedes-Benz,2023-03-01,236229
Mercedes-Benz,2023-04-01,376319
Mercedes-Benz,2023-05-01,479250
Mercedes-Benz,2023-06-01,595236
Mercedes-Benz,2023-07-01,702065
Mercedes-Benz,2023-08-01,808894
Mercedes-Benz,2023-09-01,924967
Mercedes-Benz,2023-10-01,1036498
Mercedes-Benz,2023-11-01,1152208
Mercedes-Benz,2023-12-01,1282244
Mercedes-Benz,2024-01-01,80684
Mercedes-Benz,2024-02-01,173723
Mercedes-Benz,2024-03-01,315828
Mercedes-Benz,2024-04-01,430341
Mercedes-Benz,2024-05-01,531859
Mercedes-Benz,2024-06-01,650169
Mercedes-Benz,2024-07-01,748043
Mercedes-Benz,2024-08-01,839017
Mercedes-Benz,2024-09-01,941445
Mercedes-Benz,2024-10-01,1047241
Mercedes-Benz,2024-11-01,1161690
Mercedes-Benz,2024-12-01,1284108
Mercedes-Benz,2025-01-01,77266
Mercedes-Benz,2025-02-01,165136
Mercedes-Benz,2025-03-01,295872
Mercedes-Benz,2025-04-01,404882
Mercedes-Benz,2025-05-01,506530
Mercedes-Benz,2025-06-01,626308
Mercedes-Benz,2025-07-01,725347
Mercedes-Benz,2025-08-01,816804
Mercedes-Benz,2025-09-01,921585
Mercedes-Benz,2025-10-01,1026633
Mercedes-Benz,2025-11-01,1134257
Mercedes-Benz,2025-12-01,1258297
Mini,2023-02-01,21962
Mini,2023-03-01,60416
Mini,2023-04-01,98870
Mini,2023-05-01,125919
Mini,2023-06-01,156285
Mini,2023-07-01,185381
Mini,2023-08-01,214477
Mini,2023-09-01,241928
Mini,2023-10-01,269712
Mini,2023-11-01,299164
Mini,2023-12-01,329930
Mini,2024-01-01,19016
Mini,2024-02-01,37966
Mini,2024-03-01,64338
Mini,2024-04-01,83396
Mini,2024-05-01,99126
Mini,2024-06-01,118411
Mini,2024-07-01,136986
Mini,2024-08-01,154182
Mini,2024-09-01,176618
Mini,2024-10-01,197361
Mini,2024-11-01,218537
Mini,2024-12-01,244100
Mini,2025-01-01,17585
Mini,2025-02-01,41255
Mini,2025-03-01,66735
Mini,2025-04-01,88912
Mini,2025-05-01,110373
Mini,2025-06-01,135060
Mini,2025-07-01,160923
Mini,2025-08-01,184438
Mini,2025-09-01,210973
Mini,2025-10-01,237680
Mini,2025-11-01,262615
Mini,2025-12-01,289905
Mitsubishi,2023-02-01,4700
Mitsubishi,2023-03-01,12029
Mitsubishi,2023-04-01,19358
Mitsubishi,2023-05-01,26802
Mitsubishi,2023-06-01,35364
Mitsubishi,2023-07-01,42535
Mitsubishi,2023-08-01,49706
Mitsubishi,2023-09-01,57783
Mitsubishi,2023-10-01,65772
Mitsubishi,2023-11-01,74728
Mitsubishi,2023-12-01,82842
Mitsubishi,2024-01-01,9628
Mitsubishi,2024-02-01,21017
Mitsubishi,2024-03-01,43820
Mitsubishi,2024-04-01,58846
Mitsubishi,2024-05-01,68209
Mitsubishi,2024-06-01,81485
Mitsubishi,2024-07-01,87758
Mitsubishi,2024-08-01,93946
Mitsubishi,2024-09-01,100348
Mitsubishi,2024-10-01,108341
Mitsubishi,2024-11-01,115394
Mitsubishi,2024-12-01,126617
Mitsubishi,2025-01-01,6826
Mitsubishi,2025-02-01,13697
Mitsubishi,2025-03-01,24379
Mitsubishi,2025-04-01,34115
Mitsubishi,2025-05-01,42694
Mitsubishi,2025-06-01,55669
Mitsubishi,2025-07-01,62207
Mitsubishi,2025-08-01,67545
Mitsubishi,2025-09-01,73274
Mitsubishi,2025-10-01,77511
Mitsubishi,2025-11-01,82734
Mitsubishi,2025-12-01,94130
Nissan,2023-02-01,35262
Nissan,2023-03-01,104333
Nissan,2023-04-01,173404
Nissan,2023-05-01,207994
Nissan,2023-06-01,252949
Nissan,2023-07-01,295516
Nissan,2023-08-01,338083
Nissan,2023-09-01,381043
Nissan,2023-10-01,424656
Nissan,2023-11-01,468890
Nissan,2023-12-01,510739
Nissan,2024-01-01,45220
Nissan,2024-02-01,88495
Nissan,2024-03-01,170390
Nissan,2024-04-01,222288
Nissan,2024-05-01,258665
Nissan,2024-06-01,308523
Nissan,2024-07-01,344128
Nissan,2024-08-01,374856
Nissan,2024-09-01,409861
Nissan,2024-10-01,445176
Nissan,2024-11-01,481769
Nissan,2024-12-01,522695
Nissan,2025-01-01,42398
Nissan,2025-02-01,83380
Nissan,2025-03-01,166569
Nissan,2025-04-01,218528
Nissan,2025-05-01,252122
Nissan,2025-06-01,294315
Nissan,2025-07-01,329632
Nissan,2025-08-01,359557
Nissan,2025-09-01,395954
Nissan,2025-10-01,430304
Nissan,2025-11-01,463412
Nissan,2025-12-01,501947
Opel/Vauxhall,2023-02-01,61687
Opel/Vauxhall,2023-03-01,156612
Opel/Vauxhall,2023-04-01,251537
Opel/Vauxhall,2023-05-01,323280
Opel/Vauxhall,2023-06-01,406675
Opel/Vauxhall,2023-07-01,480342
Opel/Vauxhall,2023-08-01,554009
Opel/Vauxhall,2023-09-01,632180
Opel/Vauxhall,2023-10-01,706047
Opel/Vauxhall,2023-11-01,778668
Opel/Vauxhall,2023-12-01,833145
Opel/Vauxhall,2024-01-01,69851
Opel/Vauxhall,2024-02-01,133312
Opel/Vauxhall,2024-03-01,214256
Opel/Vauxhall,2024-04-01,277832
Opel/Vauxhall,2024-05-01,346396
Opel/Vauxhall,2024-06-01,425833
Opel/Vauxhall,2024-07-01,487713
Opel/Vauxhall,2024-08-01,543958
Opel/Vauxhall,2024-09-01,602051
Opel/Vauxhall,2024-10-01,659735
Opel/Vauxhall,2024-11-01,711564
Opel/Vauxhall,2024-12-01,758846
Opel/Vauxhall,2025-01-01,49462
Opel/Vauxhall,2025-02-01,95621
Opel/Vauxhall,2025-03-01,167108
Opel/Vauxhall,2025-04-01,226310
Opel/Vauxhall,2025-05-01,284859
Opel/Vauxhall,2025-06-01,359839
Opel/Vauxhall,2025-07-01,427108
Opel/Vauxhall,2025-08-01,484902
Opel/Vauxhall,2025-09-01,547538
Opel/Vauxhall,2025-10-01,611640
Opel/Vauxhall,2025-11-01,666187
Opel/Vauxhall,2025-12-01,720286
Peugeot,2023-02-01,103738
Peugeot,2023-03-01,251381
Peugeot,2023-04-01,399024
Peugeot,2023-05-01,516298
Peugeot,2023-06-01,638991
Peugeot,2023-07-01,745197
Peugeot,2023-08-01,851403
Peugeot,2023-09-01,962617
Peugeot,2023-10-01,1071075
Peugeot,2023-11-01,1173981
Peugeot,2023-12-01,1246778
Peugeot,2024-01-01,108196
Peugeot,2024-02-01,220452
Peugeot,2024-03-01,345599
Peugeot,2024-04-01,452836
Peugeot,2024-05-01,554719
Peugeot,2024-06-01,663860
Peugeot,2024-07-01,757116
Peugeot,2024-08-01,838489
Peugeot,2024-09-01,932693
Peugeot,2024-10-01,1040616
Peugeot,2024-11-01,1138658
Peugeot,2024-12-01,1225420
Peugeot,2025-01-01,102089
Peugeot,2025-02-01,209211
Peugeot,2025-03-01,347890
Peugeot,2025-04-01,464982
Peugeot,2025-05-01,571981
Peugeot,2025-06-01,684630
Peugeot,2025-07-01,773900
Peugeot,2025-08-01,850982
Peugeot,2025-09-01,941254
Peugeot,2025-10-01,1038509
Peugeot,2025-11-01,1123226
Peugeot,2025-12-01,1201223
Porsche,2023-02-01,12127
Porsche,2023-03-01,30822
Porsche,2023-04-01,49517
Porsche,2023-05-01,64295
Porsche,2023-06-01,80146
Porsche,2023-07-01,95173
Porsche,2023-08-01,110200
Porsche,2023-09-01,124604
Porsche,2023-10-01,141310
Porsche,2023-11-01,155505
Porsche,2023-12-01,166635
Porsche,2024-01-01,16334
Porsche,2024-02-01,34279
Porsche,2024-03-01,55883
Porsche,2024-04-01,75243
Porsche,2024-05-01,90433
Porsche,2024-06-01,104881
Porsche,2024-07-01,116126
Porsche,2024-08-01,126434
Porsche,2024-09-01,138248
Porsche,2024-10-01,156236
Porsche,2024-11-01,172204
Porsche,2024-12-01,187966
Porsche,2025-01-01,14483
Porsche,2025-02-01,25974
Porsche,2025-03-01,43938
Porsche,2025-04-01,59061
Porsche,2025-05-01,73389
Porsche,2025-06-01,88173
Porsche,2025-07-01,101938
Porsche,2025-08-01,113397
Porsche,2025-09-01,126249
Porsche,2025-10-01,139376
Porsche,2025-11-01,150773
Porsche,2025-12-01,161948
Renault,2023-02-01,90705
Renault,2023-03-01,218087
Renault,2023-04-01,345469
Renault,2023-05-01,465989
Renault,2023-06-01,614289
Renault,2023-07-01,740283
Renault,2023-08-01,866277
Renault,2023-09-01,993657
Renault,2023-10-01,1122112
Renault,2023-11-01,1247950
Renault,2023-12-01,1375202
Renault,2024-01-01,77818
Renault,2024-02-01,174042
Renault,2024-03-01,304860
Renault,2024-04-01,424295
Renault,2024-05-01,544485
Renault,2024-06-01,700418
Renault,2024-07-01,792173
Renault,2024-08-01,872503
Renault,2024-09-01,972692
Renault,2024-10-01,1080685
Renault,2024-11-01,1198461
Renault,2024-12-01,1336926
Renault,2025-01-01,92214
Renault,2025-02-01,206462
Renault,2025-03-01,358409
Renault,2025-04-01,491019
Renault,2025-05-01,608776
Renault,2025-06-01,764704
Renault,2025-07-01,859570
Renault,2025-08-01,943456
Renault,2025-09-01,1047498
Renault,2025-10-01,1166770
Renault,2025-11-01,1290747
Renault,2025-12-01,1437035
Renault Group,2023-02-01,178023
Renault Group,2023-03-01,408902
Renault Group,2023-04-01,639781
Renault Group,2023-05-01,853784
Renault Group,2023-06-01,1110934
Renault Group,2023-07-01,1334215
Renault Group,2023-08-01,1557496
Renault Group,2023-09-01,1779983
Renault Group,2023-10-01,2008593
Renault Group,2023-11-01,2235142
Renault Group,2023-12-01,2450013
Renault Group,2024-01-01,178930
Renault Group,2024-02-01,367266
Renault Group,2024-03-01,599105
Renault Group,2024-04-01,816657
Renault Group,2024-05-01,1021308
Renault Group,2024-06-01,1295962
Renault Group,2024-07-01,1480333
Renault Group,2024-08-01,1640487
Renault Group,2024-09-01,1824377
Renault Group,2024-10-01,2021007
Renault Group,2024-11-01,2234041
Renault Group,2024-12-01,2484152
Renault Group,2025-01-01,188272
Renault Group,2025-02-01,397474
Renault Group,2025-03-01,657843
Renault Group,2025-04-01,889080
Renault Group,2025-05-01,1101632
Renault Group,2025-06-01,1374838
Renault Group,2025-07-01,1575975
Renault Group,2025-08-01,1749731
Renault Group,2025-09-01,1954742
Renault Group,2025-10-01,2171598
Renault Group,2025-11-01,2390346
Renault Group,2025-12-01,2635513
SAIC Motor,2023-02-01,14256
SAIC Motor,2023-03-01,49680
SAIC Motor,2023-04-01,85104
SAIC Motor,2023-05-01,118315
SAIC Motor,2023-06-01,161455
SAIC Motor,2023-07-01,198363
SAIC Motor,2023-08-01,235271
SAIC Motor,2023-09-01,274725
SAIC Motor,2023-10-01,313252
SAIC Motor,2023-11-01,351867
SAIC Motor,2023-12-01,400146
SAIC Motor,2024-01-01,26601
SAIC Motor,2024-02-01,54296
SAIC Motor,2024-03-01,93271
SAIC Motor,2024-04-01,123466
SAIC Motor,2024-05-01,158020
SAIC Motor,2024-06-01,210640
SAIC Motor,2024-07-01,245476
SAIC Motor,2024-08-01,274129
SAIC Motor,2024-09-01,305007
SAIC Motor,2024-10-01,334638
SAIC Motor,2024-11-01,366264
SAIC Motor,2024-12-01,414281
SAIC Motor,2025-01-01,40285
SAIC Motor,2025-02-01,76484
SAIC Motor,2025-03-01,137710
SAIC Motor,2025-04-01,181683
SAIC Motor,2025-05-01,222076
SAIC Motor,2025-06-01,266458
SAIC Motor,2025-07-01,306469
SAIC Motor,2025-08-01,342607
SAIC Motor,2025-09-01,384329
SAIC Motor,2025-10-01,427036
SAIC Motor,2025-11-01,467769
SAIC Motor,2025-12-01,519628
Seat,2023-02-01,39208
Seat,2023-03-01,90682
Seat,2023-04-01,142156
Seat,2023-05-01,181215
Seat,2023-06-01,226633
Seat,2023-07-01,270039
Seat,2023-08-01,313445
Seat,2023-09-01,352151
Seat,2023-10-01,389881
Seat,2023-11-01,430682
Seat,2023-12-01,467349
Seat,2024-01-01,37162
Seat,2024-02-01,78233
Seat,2024-03-01,129023
Seat,2024-04-01,176653
Seat,2024-05-01,223217
Seat,2024-06-01,278300
Seat,2024-07-01,320585
Seat,2024-08-01,356994
Seat,2024-09-01,394799
Seat,2024-10-01,426923
Seat,2024-11-01,459825
Seat,2024-12-01,496880
Seat,2025-01-01,32104
Seat,2025-02-01,64981
Seat,2025-03-01,108326
Seat,2025-04-01,145363
Seat,2025-05-01,179621
Seat,2025-06-01,217448
Seat,2025-07-01,252845
Seat,2025-08-01,283625
Seat,2025-09-01,316737
Seat,2025-10-01,349642
Seat,2025-11-01,382233
Seat,2025-12-01,415726
Skoda,2023-02-01,95844
Skoda,2023-03-01,218560
Skoda,2023-04-01,341276
Skoda,2023-05-01,449245
Skoda,2023-06-01,564254
Skoda,2023-07-01,675197
Skoda,2023-08-01,786140
Skoda,2023-09-01,895912
Skoda,2023-10-01,1005572
Skoda,2023-11-01,1121193
Skoda,2023-12-01,1221526
Skoda,2024-01-01,116546
Skoda,2024-02-01,228922
Skoda,2024-03-01,350321
Skoda,2024-04-01,466870
Skoda,2024-05-01,582681
Skoda,2024-06-01,712822
Skoda,2024-07-01,824515
Skoda,2024-08-01,927861
Skoda,2024-09-01,1043100
Skoda,2024-10-01,1176583
Skoda,2024-11-01,1304803
Skoda,2024-12-01,1425781
Skoda,2025-01-01,112014
Skoda,2025-02-01,217068
Skoda,2025-03-01,355770
Skoda,2025-04-01,486295
Skoda,2025-05-01,617871
Skoda,2025-06-01,762260
Skoda,2025-07-01,907927
Skoda,2025-08-01,1031851
Skoda,2025-09-01,1172489
Skoda,2025-10-01,1320711
Skoda,2025-11-01,1454243
Skoda,2025-12-01,1583651
Smart,2023-02-01,2884
Smart,2023-03-01,7963
Smart,2023-04-01,13042
Smart,2023-05-01,17555
Smart,2023-06-01,22041
Smart,2023-07-01,26483
Smart,2023-08-01,30925
Smart,2023-09-01,34845
Smart,2023-10-01,39413
Smart,2023-11-01,44158
Smart,2023-12-01,50166
Smart,2024-01-01,4623
Smart,2024-02-01,8650
Smart,2024-03-01,13851
Smart,2024-04-01,18981
Smart,2024-05-01,23557
Smart,2024-06-01,29728
Smart,2024-07-01,33005
Smart,2024-08-01,36282
Smart,2024-09-01,39523
Smart,2024-10-01,42771
Smart,2024-11-01,46072
Smart,2024-12-01,46616
Smart,2025-01-01,120
Smart,2025-02-01,1750
Smart,2025-03-01,3295
Smart,2025-04-01,4617
Smart,2025-05-01,6101
Smart,2025-06-01,8349
Stellantis,2023-02-01,321042
Stellantis,2023-03-01,788098
Stellantis,2023-04-01,1255154
Stellantis,2023-05-01,1615940
Stellantis,2023-06-01,2013786
Stellantis,2023-07-01,2367972
Stellantis,2023-08-01,2722158
Stellantis,2023-09-01,3097197
Stellantis,2023-10-01,3464541
Stellantis,2023-11-01,3812388
Stellantis,2023-12-01,4067678
Stellantis,2024-01-01,346024
Stellantis,2024-02-01,704689
Stellantis,2024-03-01,1122492
Stellantis,2024-04-01,1478210
Stellantis,2024-05-01,1810712
Stellantis,2024-06-01,2206434
Stellantis,2024-07-01,2496740
Stellantis,2024-08-01,2742622
Stellantis,2024-09-01,3016323
Stellantis,2024-10-01,3297829
Stellantis,2024-11-01,3564821
Stellantis,2024-12-01,3802618
Stellantis,2025-01-01,287585
Stellantis,2025-02-01,587760
Stellantis,2025-03-01,976030
Stellantis,2025-04-01,1314936
Stellantis,2025-05-01,1631072
Stellantis,2025-06-01,1970850
Stellantis,2025-07-01,2258233
Stellantis,2025-08-01,2505590
Stellantis,2025-09-01,2790286
Stellantis,2025-10-01,3087345
Stellantis,2025-11-01,3350808
Stellantis,2025-12-01,3601830
Suzuki,2023-02-01,22754
Suzuki,2023-03-01,58079
Suzuki,2023-04-01,93404
Suzuki,2023-05-01,122884
Suzuki,2023-06-01,153221
Suzuki,2023-07-01,182754
Suzuki,2023-08-01,212287
Suzuki,2023-09-01,244618
Suzuki,2023-10-01,275322
Suzuki,2023-11-01,305142
Suzuki,2023-12-01,334140
Suzuki,2024-01-01,29834
Suzuki,2024-02-01,65568
Suzuki,2024-03-01,108731
Suzuki,2024-04-01,145373
Suzuki,2024-05-01,176682
Suzuki,2024-06-01,217017
Suzuki,2024-07-01,245162
Suzuki,2024-08-01,270447
Suzuki,2024-09-01,299151
Suzuki,2024-10-01,326813
Suzuki,2024-11-01,353962
Suzuki,2024-12-01,380729
Suzuki,2025-01-01,26864
Suzuki,2025-02-01,56467
Suzuki,2025-03-01,92058
Suzuki,2025-04-01,122454
Suzuki,2025-05-01,149112
Suzuki,2025-06-01,178119
Suzuki,2025-07-01,203564
Suzuki,2025-08-01,226147
Suzuki,2025-09-01,252818
Suzuki,2025-10-01,278664
Suzuki,2025-11-01,301299
Suzuki,2025-12-01,327437
Tesla,2023-02-01,42769
Tesla,2023-03-01,145894
Tesla,2023-04-01,249019
Tesla,2023-05-01,300976
Tesla,2023-06-01,385478
Tesla,2023-07-01,447694
Tesla,2023-08-01,509910
Tesla,2023-09-01,582609
Tesla,2023-10-01,645280
Tesla,2023-11-01,725729
Tesla,2023-12-01,795200
Tesla,2024-01-01,33291
Tesla,2024-02-01,83654
Tesla,2024-03-01,151801
Tesla,2024-04-01,194492
Tesla,2024-05-01,228282
Tesla,2024-06-01,306979
Tesla,2024-07-01,333213
Tesla,2024-08-01,360948
Tesla,2024-09-01,407252
Tesla,2024-10-01,431638
Tesla,2024-11-01,475908
Tesla,2024-12-01,551665
Tesla,2025-01-01,17462
Tesla,2025-02-01,46093
Tesla,2025-03-01,92819
Tesla,2025-04-01,118304
Tesla,2025-05-01,134294
Tesla,2025-06-01,189424
Tesla,2025-07-01,204861
Tesla,2025-08-01,221918
Tesla,2025-09-01,256411
Tesla,2025-10-01,269022
Tesla,2025-11-01,303953
Tesla,2025-12-01,360718
Toyota,2023-02-01,118839
Toyota,2023-03-01,271070
Toyota,2023-04-01,423301
Toyota,2023-05-01,550312
Toyota,2023-06-01,688059
Toyota,2023-07-01,817821
Toyota,2023-08-01,947583
Toyota,2023-09-01,1078964
Toyota,2023-10-01,1213670
Toyota,2023-11-01,1347715
Toyota,2023-12-01,1468281
Toyota,2024-01-01,150103
Toyota,2024-02-01,285996
Toyota,2024-03-01,473448
Toyota,2024-04-01,644925
Toyota,2024-05-01,791950
Toyota,2024-06-01,959446
Toyota,2024-07-01,1106168
Toyota,2024-08-01,1234444
Toyota,2024-09-01,1366098
Toyota,2024-10-01,1512121
Toyota,2024-11-01,1654443
Toyota,2024-12-01,1805446
Toyota,2025-01-01,138599
Toyota,2025-02-01,264657
Toyota,2025-03-01,443405
Toyota,2025-04-01,603034
Toyota,2025-05-01,744093
Toyota,2025-06-01,890103
Toyota,2025-07-01,1031277
Toyota,2025-08-01,1156582
Toyota,2025-09-01,1289503
Toyota,2025-10-01,1419117
Toyota,2025-11-01,1548073
Toyota,2025-12-01,1687933
Toyota Group,2023-02-01,124433
Toyota Group,2023-03-01,284118
Toyota Group,2023-04-01,443803
Toyota Group,2023-05-01,580580
Toyota Group,2023-06-01,729250
Toyota Group,2023-07-01,868847
Toyota Group,2023-08-01,1008444
Toyota Group,2023-09-01,1150017
Toyota Group,2023-10-01,1294797
Toyota Group,2023-11-01,1439022
Toyota Group,2023-12-01,1569337
Toyota Group,2024-01-01,159692
Toyota Group,2024-02-01,304658
Toyota Group,2024-03-01,506029
Toyota Group,2024-04-01,690341
Toyota Group,2024-05-01,849407
Toyota Group,2024-06-01,1030944
Toyota Group,2024-07-01,1189924
Toyota Group,2024-08-01,1329013
Toyota Group,2024-09-01,1472009
Toyota Group,2024-10-01,1630403
Toyota Group,2024-11-01,1784002
Toyota Group,2024-12-01,1949279
Toyota Group,2025-01-01,152297
Toyota Group,2025-02-01,289090
Toyota Group,2025-03-01,483584
Toyota Group,2025-04-01,657092
Toyota Group,2025-05-01,810997
Toyota Group,2025-06-01,970787
Toyota Group,2025-07-01,1123824
Toyota Group,2025-08-01,1259096
Toyota Group,2025-09-01,1403023
Toyota Group,2025-10-01,1543380
Toyota Group,2025-11-01,1682258
Toyota Group,2025-12-01,1832890
Volkswagen,2023-02-01,183684
Volkswagen,2023-03-01,433541
Volkswagen,2023-04-01,683398
Volkswagen,2023-05-01,905638
Volkswagen,2023-06-01,1162411
Volkswagen,2023-07-01,1397917
Volkswagen,2023-08-01,1633423
Volkswagen,2023-09-01,1862299
Volkswagen,2023-10-01,2082556
Volkswagen,2023-11-01,2316507
Volkswagen,2023-12-01,2531757
Volkswagen,2024-01-01,180328
Volkswagen,2024-02-01,363438
Volkswagen,2024-03-01,598609
Volkswagen,2024-04-01,827412
Volkswagen,2024-05-01,1053448
Volkswagen,2024-06-01,1325085
Volkswagen,2024-07-01,1526628
Volkswagen,2024-08-01,1708254
Volkswagen,2024-09-01,1906920
Volkswagen,2024-10-01,2122821
Volkswagen,2024-11-01,2343919
Volkswagen,2024-12-01,2552851
Volkswagen,2025-01-01,208819
Volkswagen,2025-02-01,405326
Volkswagen,2025-03-01,663957
Volkswagen,2025-04-01,897584
Volkswagen,2025-05-01,1129158
Volkswagen,2025-06-01,1371952
Volkswagen,2025-07-01,1604139
Volkswagen,2025-08-01,1804342
Volkswagen,2025-09-01,2026688
Volkswagen,2025-10-01,2254335
Volkswagen,2025-11-01,2475776
Volkswagen,2025-12-01,2702727
Volkswagen Group,2023-02-01,443907
Volkswagen Group,2023-03-01,1066462
Volkswagen Group,2023-04-01,1689017
Volkswagen Group,2023-05-01,2224836
Volkswagen Group,2023-06-01,2825479
Volkswagen Group,2023-07-01,3387232
Volkswagen Group,2023-08-01,3948985
Volkswagen Group,2023-09-01,4492176
Volkswagen Group,2023-10-01,5032410
Volkswagen Group,2023-11-01,5592270
Volkswagen Group,2023-12-01,6092124
Volkswagen Group,2024-01-01,472609
Volkswagen Group,2024-02-01,942635
Volkswagen Group,2024-03-01,1519254
Volkswagen Group,2024-04-01,2067556
Volkswagen Group,2024-05-01,2615721
Volkswagen Group,2024-06-01,3254496
Volkswagen Group,2024-07-01,3759713
Volkswagen Group,2024-08-01,4213162
Volkswagen Group,2024-09-01,4705104
Volkswagen Group,2024-10-01,5239718
Volkswagen Group,2024-11-01,5771122
Volkswagen Group,2024-12-01,6282773
Volkswagen Group,2025-01-01,498307
Volkswagen Group,2025-02-01,971712
Volkswagen Group,2025-03-01,1601304
Volkswagen Group,2025-04-01,2169555
Volkswagen Group,2025-05-01,2730211
Volkswagen Group,2025-06-01,3324857
Volkswagen Group,2025-07-01,3893469
Volkswagen Group,2025-08-01,4390154
Volkswagen Group,2025-09-01,4938065
Volkswagen Group,2025-10-01,5510642
Volkswagen Group,2025-11-01,6062283
Volkswagen Group,2025-12-01,6626912
Volvo Cars,2023-02-01,36823
Volvo Cars,2023-03-01,87318
Volvo Cars,2023-04-01,137813
Volvo Cars,2023-05-01,185387
Volvo Cars,2023-06-01,231849
Volvo Cars,2023-07-01,274255
Volvo Cars,2023-08-01,316661
Volvo Cars,2023-09-01,359277
Volvo Cars,2023-10-01,404233
Volvo Cars,2023-11-01,451323
Volvo Cars,2023-12-01,507380
Volvo Cars,2024-01-01,46976
Volvo Cars,2024-02-01,98961
Volvo Cars,2024-03-01,167222
Volvo Cars,2024-04-01,230818
Volvo Cars,2024-05-01,291392
Volvo Cars,2024-06-01,352076
Volvo Cars,2024-07-01,404153
Volvo Cars,2024-08-01,449851
Volvo Cars,2024-09-01,498738
Volvo Cars,2024-10-01,552482
Volvo Cars,2024-11-01,607279
Volvo Cars,2024-12-01,664729
Volvo Cars,2025-01-01,45048
Volvo Cars,2025-02-01,88095
Volvo Cars,2025-03-01,145783
Volvo Cars,2025-04-01,196265
Volvo Cars,2025-05-01,245904
Volvo Cars,2025-06-01,299696
Volvo Cars,2025-07-01,343613
Volvo Cars,2025-08-01,381269
Volvo Cars,2025-09-01,424787
Volvo Cars,2025-10-01,475136
Volvo Cars,2025-11-01,520361
Volvo Cars,2025-12-01,578463
